Workbook

Sheet Branch_Master_Data
A1: Branch Code | B1: City | C1: Population | D1: Pop >15 | E1: Businesses | F1: PI Clients 2026 | G1: PI Clients 2025 | H1: Business Clients 2026 | I1: Biz Clients 2025 (approx) | J1: Mortgages | K1: Consumer Loans | L1: Credit Cards | M1: Overdrafts | N1: Savings Accounts | O1: TDA | P1: Current Accounts | Q1: POS Terminals | R1: Biz ST Loans | S1: Biz LT Loans | T1: PI M-Banking | U1: PI E-Banking | V1: Biz CA | W1: Biz POS (from Sum)
A2: 0001 | B2: PRISHTINE | C2: 227466 | D2: 177302 | E2: 21396 | F2: 47635 | G2: 4216 | H2: 45420 | I2: 4168 | J2: 3386 | K2: 7665 | L2: 312 | M2: 245 | N2: 5 | O2: 97 | P2: 5268 | Q2: 1705 | R2: 163 | S2: 832 | T2: 3347 | U2: 2958 | V2: 3910 | W2: 148
A3: 1005 | B3: PRIZREN | C3: 147246 | D3: 115421 | E3: 7119 | F3: 16152 | G3: 905 | H3: 15388 | I3: 945 | J3: 427 | K3: 1382 | L3: 58 | M3: 75 | N3: 0 | O3: 9 | P3: 1027 | Q3: 156 | R3: 43 | S3: 288 | T3: 620 | U3: 411 | V3: 929 | W3: 0
A4: 1003 | B4: FERIZAJ | C4: 109255 | D4: 84228 | E4: 6371 | F4: 13576 | G4: 726 | H4: 13031 | I4: 729 | J4: 538 | K4: 1578 | L4: 116 | M4: 99 | N4: 0 | O4: 2 | P4: 851 | Q4: 107 | R4: 28 | S4: 267 | T4: 619 | U4: 499 | V4: 693 | W4: 0
A5: 1006 | B5: PEJE | C5: 82745 | D5: 65980 | E5: 4172 | F5: 15027 | G5: 698 | H5: 14551 | I5: 701 | J5: 434 | K5: 1780 | L5: 87 | M5: 52 | N5: 0 | O5: 2 | P5: 849 | Q5: 421 | R5: 23 | S5: 191 | T5: 546 | U5: 315 | V5: 666 | W5: 0
A6: 100104 | B6: FUSHE KOSOVE | C6: 63949 | D6: 47439 | E6: 2711 | F6: 6301 | G6: 531 | H6: 6061 | I6: 461 | J6: 287 | K6: 914 | L6: 19 | M6: 24 | N6: 0 | O6: 2 | P6: 612 | Q6: 201 | R6: 11 | S6: 170 | T6: 446 | U6: 316 | V6: 485 | W6: 0
A7: 1004 | B7: GJAKOVE | C7: 78699 | D7: 62970 | E7: 4005 | F7: 8812 | G7: 431 | H7: 8802 | I7: 501 | J7: 447 | K7: 1229 | L7: 33 | M7: 20 | N7: 0 | O7: 6 | P7: 505 | Q7: 60 | R7: 9 | S7: 102 | T7: 290 | U7: 166 | V7: 548 | W7: 4
A8: 1007 | B8: MITROVICE | C8: 64742 | D8: 50171 | E8: 2529 | F8: 11901 | G8: 427 | H8: 11839 | I8: 400 | J8: 482 | K8: 1087 | L8: 49 | M8: 29 | N8: 0 | O8: 0 | P8: 486 | Q8: 107 | R8: 6 | S8: 115 | T8: 310 | U8: 207 | V8: 389 | W8: 0
A9: 100702 | B9: VUSHTRRI | C9: 61528 | D9: 47591 | E9: 1868 | F9: 6504 | G9: 211 | H9: 6269 | I9: 211 | J9: 180 | K9: 610 | L9: 42 | M9: 24 | N9: 0 | O9: 0 | P9: 238 | Q9: 69 | R9: 7 | S9: 84 | T9: 172 | U9: 79 | V9: 194 | W9: 0
A10: 000103 | B10: GLLOGOC | C10: 48079 | D10: 36276 | E10: 1566 | F10: 8808 | G10: 341 | H10: 8493 | I10: 352 | J10: 331 | K10: 1091 | L10: 58 | M10: 36 | N10: 0 | O10: 4 | P10: 363 | Q10: 78 | R10: 12 | S10: 129 | T10: 280 | U10: 177 | V10: 325 | W10: 0
A11: 1009 | B11: PODUJEVE | C11: 70975 | D11: 54812 | E11: 2381 | F11: 10670 | G11: 349 | H11: 10092 | I11: 347 | J11: 243 | K11: 768 | L11: 24 | M11: 30 | N11: 0 | O11: 1 | P11: 406 | Q11: 45 | R11: 16 | S11: 94 | T11: 268 | U11: 176 | V11: 321 | W11: 0
A12: 100106 | B12: LIPJAN | C12: 55044 | D12: 41804 | E12: 1874 | F12: 5950 | G12: 353 | H12: 5716 | I12: 357 | J12: 191 | K12: 701 | L12: 71 | M12: 44 | N12: 0 | O12: 1 | P12: 443 | Q12: 126 | R12: 16 | S12: 140 | T12: 295 | U12: 165 | V12: 335 | W12: 0
A13: 1002 | B13: GJILAN | C13: 82980 | D13: 66517 | E13: 4317 | F13: 11535 | G13: 459 | H13: 11191 | I13: 439 | J13: 670 | K13: 1439 | L13: 49 | M13: 36 | N13: 0 | O13: 5 | P13: 533 | Q13: 115 | R13: 9 | S13: 157 | T13: 410 | U13: 241 | V13: 413 | W13: 0
... A30: 100706 | B30: ZUBIN POTOK | C30: 3385 | D30: 2940 | E30: 93 | F30: 184 | G30: 26 | H30: 39 | I30: 6 | J30: 0 | K30: 1 | L30: 0 | M30: 0 | N30: 0 | O30: 0 | P30: 27 | Q30: 6 | R30: 0 | S30: 0 | T30: 24 | U30: 24 | V30: 5 | W30: 0

Sheet KPI_Calculations
A1: City | B1: PI Penetration | C1: Biz Penetration | D1: PI Growth % | E1: Biz Growth % | F1: Mortgage % | G1: Consumer Loan % | H1: CC Penetration % | I1: OVD Penetration % | J1: Lending Intensity | K1: Products per PI | L1: POS per 1000 Biz | M1: M-Banking Rate | N1: E-Banking Rate | O1: Biz CA Penetration | P1: Opportunity Score | Q1: Underperformance Score | R1: Action Priority
A2: =Branch_Master_Data!B2 | B2: =Branch_Master_Data!F2/Branch_Master_Data!D2 | C2: =IF(Branch_Master_Data!E2>0,Branch_Master_Data!H2/Branch_Master_Data!E2,0) | D2: =IF(Branch_Master_Data!G2>0,(Branch_Master_Data!F2-Branch_Master_Data!G2)/Branch_Master_Data!G2,0) | E2: =IF(Branch_Master_Data!I2>0,(Branch_Master_Data!H2-Branch_Master_Data!I2)/Branch_Master_Data!I2,0) | F2: =IF(Branch_Master_Data!F2>0,Branch_Master_Data!J2/Branch_Master_Data!F2,0) | G2: =IF(Branch_Master_Data!F2>0,Branch_Master_Data!K2/Branch_Master_Data!F2,0) | H2: =IF(Branch_Master_Data!F2>0,Branch_Master_Data!L2/Branch_Master_Data!F2,0) | I2: =IF(Branch_Master_Data!F2>0,Branch_Master_Data!M2/Branch_Master_Data!F2,0) | J2: =IF(Branch_Master_Data!F2>0,(Branch_Master_Data!J2+Branch_Master_Data!K2)/Branch_Master_Data!F2,0) | K2: =IF(Branch_Master_Data!F2>0,(Branch_Master_Data!P2+Branch_Master_Data!N2+Branch_Master_Data!O2+Branch_Master_Data!J2+Branch_Master_Data!K2+Branch_Master_Data!L2+Branch_Master_Data!M2)/Branch_Master_Data!F2,0) | L2: =IF(Branch_Master_Data!E2>0,Branch_Master_Data!Q2/Branch_Master_Data!E2*1000,0) | M2: =IF(Branch_Master_Data!F2>0,Branch_Master_Data!T2/Branch_Master_Data!F2,0) | N2: =IF(Branch_Master_Data!F2>0,Branch_Master_Data!U2/Branch_Master_Data!F2,0) | O2: =IF(Branch_Master_Data!E2>0,Branch_Master_Data!V2/Branch_Master_Data!E2,0) | P2: =(1-B2)*Branch_Master_Data!D2/10000+(1-C2)*Branch_Master_Data!E2/1000 | Q2: =MAX(0,(0.192-B2)*50)+MAX(0,(0.169-C2)*30)+MAX(0,(0.039-D2)*20) | R2: =P2*Q2
A3: =Branch_Master_Data!B3 | B3: =Branch_Master_Data!F3/Branch_Master_Data!D3 | C3: =IF(Branch_Master_Data!E3>0,Branch_Master_Data!H3/Branch_Master_Data!E3,0) | D3: =IF(Branch_Master_Data!G3>0,(Branch_Master_Data!F3-Branch_Master_Data!G3)/Branch_Master_Data!G3,0) | E3: =IF(Branch_Master_Data!I3>0,(Branch_Master_Data!H3-Branch_Master_Data!I3)/Branch_Master_Data!I3,0) | F3: =IF(Branch_Master_Data!F3>0,Branch_Master_Data!J3/Branch_Master_Data!F3,0) | G3: =IF(Branch_Master_Data!F3>0,Branch_Master_Data!K3/Branch_Master_Data!F3,0) | H3: =IF(Branch_Master_Data!F3>0,Branch_Master_Data!L3/Branch_Master_Data!F3,0) | I3: =IF(Branch_Master_Data!F3>0,Branch_Master_Data!M3/Branch_Master_Data!F3,0) | J3: =IF(Branch_Master_Data!F3>0,(Branch_Master_Data!J3+Branch_Master_Data!K3)/Branch_Master_Data!F3,0) | K3: =IF(Branch_Master_Data!F3>0,(Branch_Master_Data!P3+Branch_Master_Data!N3+Branch_Master_Data!O3+Branch_Master_Data!J3+Branch_Master_Data!K3+Branch_Master_Data!L3+Branch_Master_Data!M3)/Branch_Master_Data!F3,0) | L3: =IF(Branch_Master_Data!E3>0,Branch_Master_Data!Q3/Branch_Master_Data!E3*1000,0) | M3: =IF(Branch_Master_Data!F3>0,Branch_Master_Data!T3/Branch_Master_Data!F3,0) | N3: =IF(Branch_Master_Data!F3>0,Branch_Master_Data!U3/Branch_Master_Data!F3,0) | O3: =IF(Branch_Master_Data!E3>0,Branch_Master_Data!V3/Branch_Master_Data!E3,0) | P3: =(1-B3)*Branch_Master_Data!D3/10000+(1-C3)*Branch_Master_Data!E3/1000 | Q3: =MAX(0,(0.192-B3)*50)+MAX(0,(0.169-C3)*30)+MAX(0,(0.039-D3)*20) | R3: =P3*Q3
A4: =Branch_Master_Data!B4 | B4: =Branch_Master_Data!F4/Branch_Master_Data!D4 | C4: =IF(Branch_Master_Data!E4>0,Branch_Master_Data!H4/Branch_Master_Data!E4,0) | D4: =IF(Branch_Master_Data!G4>0,(Branch_Master_Data!F4-Branch_Master_Data!G4)/Branch_Master_Data!G4,0) | E4: =IF(Branch_Master_Data!I4>0,(Branch_Master_Data!H4-Branch_Master_Data!I4)/Branch_Master_Data!I4,0) | F4: =IF(Branch_Master_Data!F4>0,Branch_Master_Data!J4/Branch_Master_Data!F4,0) | G4: =IF(Branch_Master_Data!F4>0,Branch_Master_Data!K4/Branch_Master_Data!F4,0) | H4: =IF(Branch_Master_Data!F4>0,Branch_Master_Data!L4/Branch_Master_Data!F4,0) | I4: =IF(Branch_Master_Data!F4>0,Branch_Master_Data!M4/Branch_Master_Data!F4,0) | J4: =IF(Branch_Master_Data!F4>0,(Branch_Master_Data!J4+Branch_Master_Data!K4)/Branch_Master_Data!F4,0) | K4: =IF(Branch_Master_Data!F4>0,(Branch_Master_Data!P4+Branch_Master_Data!N4+Branch_Master_Data!O4+Branch_Master_Data!J4+Branch_Master_Data!K4+Branch_Master_Data!L4+Branch_Master_Data!M4)/Branch_Master_Data!F4,0) | L4: =IF(Branch_Master_Data!E4>0,Branch_Master_Data!Q4/Branch_Master_Data!E4*1000,0) | M4: =IF(Branch_Master_Data!F4>0,Branch_Master_Data!T4/Branch_Master_Data!F4,0) | N4: =IF(Branch_Master_Data!F4>0,Branch_Master_Data!U4/Branch_Master_Data!F4,0) | O4: =IF(Branch_Master_Data!E4>0,Branch_Master_Data!V4/Branch_Master_Data!E4,0) | P4: =(1-B4)*Branch_Master_Data!D4/10000+(1-C4)*Branch_Master_Data!E4/1000 | Q4: =MAX(0,(0.192-B4)*50)+MAX(0,(0.169-C4)*30)+MAX(0,(0.039-D4)*20) | R4: =P4*Q4
A5: =Branch_Master_Data!B5 | B5: =Branch_Master_Data!F5/Branch_Master_Data!D5 | C5: =IF(Branch_Master_Data!E5>0,Branch_Master_Data!H5/Branch_Master_Data!E5,0) | D5: =IF(Branch_Master_Data!G5>0,(Branch_Master_Data!F5-Branch_Master_Data!G5)/Branch_Master_Data!G5,0) | E5: =IF(Branch_Master_Data!I5>0,(Branch_Master_Data!H5-Branch_Master_Data!I5)/Branch_Master_Data!I5,0) | F5: =IF(Branch_Master_Data!F5>0,Branch_Master_Data!J5/Branch_Master_Data!F5,0) | G5: =IF(Branch_Master_Data!F5>0,Branch_Master_Data!K5/Branch_Master_Data!F5,0) | H5: =IF(Branch_Master_Data!F5>0,Branch_Master_Data!L5/Branch_Master_Data!F5,0) | I5: =IF(Branch_Master_Data!F5>0,Branch_Master_Data!M5/Branch_Master_Data!F5,0) | J5: =IF(Branch_Master_Data!F5>0,(Branch_Master_Data!J5+Branch_Master_Data!K5)/Branch_Master_Data!F5,0) | K5: =IF(Branch_Master_Data!F5>0,(Branch_Master_Data!P5+Branch_Master_Data!N5+Branch_Master_Data!O5+Branch_Master_Data!J5+Branch_Master_Data!K5+Branch_Master_Data!L5+Branch_Master_Data!M5)/Branch_Master_Data!F5,0) | L5: =IF(Branch_Master_Data!E5>0,Branch_Master_Data!Q5/Branch_Master_Data!E5*1000,0) | M5: =IF(Branch_Master_Data!F5>0,Branch_Master_Data!T5/Branch_Master_Data!F5,0) | N5: =IF(Branch_Master_Data!F5>0,Branch_Master_Data!U5/Branch_Master_Data!F5,0) | O5: =IF(Branch_Master_Data!E5>0,Branch_Master_Data!V5/Branch_Master_Data!E5,0) | P5: =(1-B5)*Branch_Master_Data!D5/10000+(1-C5)*Branch_Master_Data!E5/1000 | Q5: =MAX(0,(0.192-B5)*50)+MAX(0,(0.169-C5)*30)+MAX(0,(0.039-D5)*20) | R5: =P5*Q5
A6: =Branch_Master_Data!B6 | B6: =Branch_Master_Data!F6/Branch_Master_Data!D6 | C6: =IF(Branch_Master_Data!E6>0,Branch_Master_Data!H6/Branch_Master_Data!E6,0) | D6: =IF(Branch_Master_Data!G6>0,(Branch_Master_Data!F6-Branch_Master_Data!G6)/Branch_Master_Data!G6,0) | E6: =IF(Branch_Master_Data!I6>0,(Branch_Master_Data!H6-Branch_Master_Data!I6)/Branch_Master_Data!I6,0) | F6: =IF(Branch_Master_Data!F6>0,Branch_Master_Data!J6/Branch_Master_Data!F6,0) | G6: =IF(Branch_Master_Data!F6>0,Branch_Master_Data!K6/Branch_Master_Data!F6,0) | H6: =IF(Branch_Master_Data!F6>0,Branch_Master_Data!L6/Branch_Master_Data!F6,0) | I6: =IF(Branch_Master_Data!F6>0,Branch_Master_Data!M6/Branch_Master_Data!F6,0) | J6: =IF(Branch_Master_Data!F6>0,(Branch_Master_Data!J6+Branch_Master_Data!K6)/Branch_Master_Data!F6,0) | K6: =IF(Branch_Master_Data!F6>0,(Branch_Master_Data!P6+Branch_Master_Data!N6+Branch_Master_Data!O6+Branch_Master_Data!J6+Branch_Master_Data!K6+Branch_Master_Data!L6+Branch_Master_Data!M6)/Branch_Master_Data!F6,0) | L6: =IF(Branch_Master_Data!E6>0,Branch_Master_Data!Q6/Branch_Master_Data!E6*1000,0) | M6: =IF(Branch_Master_Data!F6>0,Branch_Master_Data!T6/Branch_Master_Data!F6,0) | N6: =IF(Branch_Master_Data!F6>0,Branch_Master_Data!U6/Branch_Master_Data!F6,0) | O6: =IF(Branch_Master_Data!E6>0,Branch_Master_Data!V6/Branch_Master_Data!E6,0) | P6: =(1-B6)*Branch_Master_Data!D6/10000+(1-C6)*Branch_Master_Data!E6/1000 | Q6: =MAX(0,(0.192-B6)*50)+MAX(0,(0.169-C6)*30)+MAX(0,(0.039-D6)*20) | R6: =P6*Q6
A7: =Branch_Master_Data!B7 | B7: =Branch_Master_Data!F7/Branch_Master_Data!D7 | C7: =IF(Branch_Master_Data!E7>0,Branch_Master_Data!H7/Branch_Master_Data!E7,0) | D7: =IF(Branch_Master_Data!G7>0,(Branch_Master_Data!F7-Branch_Master_Data!G7)/Branch_Master_Data!G7,0) | E7: =IF(Branch_Master_Data!I7>0,(Branch_Master_Data!H7-Branch_Master_Data!I7)/Branch_Master_Data!I7,0) | F7: =IF(Branch_Master_Data!F7>0,Branch_Master_Data!J7/Branch_Master_Data!F7,0) | G7: =IF(Branch_Master_Data!F7>0,Branch_Master_Data!K7/Branch_Master_Data!F7,0) | H7: =IF(Branch_Master_Data!F7>0,Branch_Master_Data!L7/Branch_Master_Data!F7,0) | I7: =IF(Branch_Master_Data!F7>0,Branch_Master_Data!M7/Branch_Master_Data!F7,0) | J7: =IF(Branch_Master_Data!F7>0,(Branch_Master_Data!J7+Branch_Master_Data!K7)/Branch_Master_Data!F7,0) | K7: =IF(Branch_Master_Data!F7>0,(Branch_Master_Data!P7+Branch_Master_Data!N7+Branch_Master_Data!O7+Branch_Master_Data!J7+Branch_Master_Data!K7+Branch_Master_Data!L7+Branch_Master_Data!M7)/Branch_Master_Data!F7,0) | L7: =IF(Branch_Master_Data!E7>0,Branch_Master_Data!Q7/Branch_Master_Data!E7*1000,0) | M7: =IF(Branch_Master_Data!F7>0,Branch_Master_Data!T7/Branch_Master_Data!F7,0) | N7: =IF(Branch_Master_Data!F7>0,Branch_Master_Data!U7/Branch_Master_Data!F7,0) | O7: =IF(Branch_Master_Data!E7>0,Branch_Master_Data!V7/Branch_Master_Data!E7,0) | P7: =(1-B7)*Branch_Master_Data!D7/10000+(1-C7)*Branch_Master_Data!E7/1000 | Q7: =MAX(0,(0.192-B7)*50)+MAX(0,(0.169-C7)*30)+MAX(0,(0.039-D7)*20) | R7: =P7*Q7
A8: =Branch_Master_Data!B8 | B8: =Branch_Master_Data!F8/Branch_Master_Data!D8 | C8: =IF(Branch_Master_Data!E8>0,Branch_Master_Data!H8/Branch_Master_Data!E8,0) | D8: =IF(Branch_Master_Data!G8>0,(Branch_Master_Data!F8-Branch_Master_Data!G8)/Branch_Master_Data!G8,0) | E8: =IF(Branch_Master_Data!I8>0,(Branch_Master_Data!H8-Branch_Master_Data!I8)/Branch_Master_Data!I8,0) | F8: =IF(Branch_Master_Data!F8>0,Branch_Master_Data!J8/Branch_Master_Data!F8,0) | G8: =IF(Branch_Master_Data!F8>0,Branch_Master_Data!K8/Branch_Master_Data!F8,0) | H8: =IF(Branch_Master_Data!F8>0,Branch_Master_Data!L8/Branch_Master_Data!F8,0) | I8: =IF(Branch_Master_Data!F8>0,Branch_Master_Data!M8/Branch_Master_Data!F8,0) | J8: =IF(Branch_Master_Data!F8>0,(Branch_Master_Data!J8+Branch_Master_Data!K8)/Branch_Master_Data!F8,0) | K8: =IF(Branch_Master_Data!F8>0,(Branch_Master_Data!P8+Branch_Master_Data!N8+Branch_Master_Data!O8+Branch_Master_Data!J8+Branch_Master_Data!K8+Branch_Master_Data!L8+Branch_Master_Data!M8)/Branch_Master_Data!F8,0) | L8: =IF(Branch_Master_Data!E8>0,Branch_Master_Data!Q8/Branch_Master_Data!E8*1000,0) | M8: =IF(Branch_Master_Data!F8>0,Branch_Master_Data!T8/Branch_Master_Data!F8,0) | N8: =IF(Branch_Master_Data!F8>0,Branch_Master_Data!U8/Branch_Master_Data!F8,0) | O8: =IF(Branch_Master_Data!E8>0,Branch_Master_Data!V8/Branch_Master_Data!E8,0) | P8: =(1-B8)*Branch_Master_Data!D8/10000+(1-C8)*Branch_Master_Data!E8/1000 | Q8: =MAX(0,(0.192-B8)*50)+MAX(0,(0.169-C8)*30)+MAX(0,(0.039-D8)*20) | R8: =P8*Q8
A9: =Branch_Master_Data!B9 | B9: =Branch_Master_Data!F9/Branch_Master_Data!D9 | C9: =IF(Branch_Master_Data!E9>0,Branch_Master_Data!H9/Branch_Master_Data!E9,0) | D9: =IF(Branch_Master_Data!G9>0,(Branch_Master_Data!F9-Branch_Master_Data!G9)/Branch_Master_Data!G9,0) | E9: =IF(Branch_Master_Data!I9>0,(Branch_Master_Data!H9-Branch_Master_Data!I9)/Branch_Master_Data!I9,0) | F9: =IF(Branch_Master_Data!F9>0,Branch_Master_Data!J9/Branch_Master_Data!F9,0) | G9: =IF(Branch_Master_Data!F9>0,Branch_Master_Data!K9/Branch_Master_Data!F9,0) | H9: =IF(Branch_Master_Data!F9>0,Branch_Master_Data!L9/Branch_Master_Data!F9,0) | I9: =IF(Branch_Master_Data!F9>0,Branch_Master_Data!M9/Branch_Master_Data!F9,0) | J9: =IF(Branch_Master_Data!F9>0,(Branch_Master_Data!J9+Branch_Master_Data!K9)/Branch_Master_Data!F9,0) | K9: =IF(Branch_Master_Data!F9>0,(Branch_Master_Data!P9+Branch_Master_Data!N9+Branch_Master_Data!O9+Branch_Master_Data!J9+Branch_Master_Data!K9+Branch_Master_Data!L9+Branch_Master_Data!M9)/Branch_Master_Data!F9,0) | L9: =IF(Branch_Master_Data!E9>0,Branch_Master_Data!Q9/Branch_Master_Data!E9*1000,0) | M9: =IF(Branch_Master_Data!F9>0,Branch_Master_Data!T9/Branch_Master_Data!F9,0) | N9: =IF(Branch_Master_Data!F9>0,Branch_Master_Data!U9/Branch_Master_Data!F9,0) | O9: =IF(Branch_Master_Data!E9>0,Branch_Master_Data!V9/Branch_Master_Data!E9,0) | P9: =(1-B9)*Branch_Master_Data!D9/10000+(1-C9)*Branch_Master_Data!E9/1000 | Q9: =MAX(0,(0.192-B9)*50)+MAX(0,(0.169-C9)*30)+MAX(0,(0.039-D9)*20) | R9: =P9*Q9
A10: =Branch_Master_Data!B10 | B10: =Branch_Master_Data!F10/Branch_Master_Data!D10 | C10: =IF(Branch_Master_Data!E10>0,Branch_Master_Data!H10/Branch_Master_Data!E10,0) | D10: =IF(Branch_Master_Data!G10>0,(Branch_Master_Data!F10-Branch_Master_Data!G10)/Branch_Master_Data!G10,0) | E10: =IF(Branch_Master_Data!I10>0,(Branch_Master_Data!H10-Branch_Master_Data!I10)/Branch_Master_Data!I10,0) | F10: =IF(Branch_Master_Data!F10>0,Branch_Master_Data!J10/Branch_Master_Data!F10,0) | G10: =IF(Branch_Master_Data!F10>0,Branch_Master_Data!K10/Branch_Master_Data!F10,0) | H10: =IF(Branch_Master_Data!F10>0,Branch_Master_Data!L10/Branch_Master_Data!F10,0) | I10: =IF(Branch_Master_Data!F10>0,Branch_Master_Data!M10/Branch_Master_Data!F10,0) | J10: =IF(Branch_Master_Data!F10>0,(Branch_Master_Data!J10+Branch_Master_Data!K10)/Branch_Master_Data!F10,0) | K10: =IF(Branch_Master_Data!F10>0,(Branch_Master_Data!P10+Branch_Master_Data!N10+Branch_Master_Data!O10+Branch_Master_Data!J10+Branch_Master_Data!K10+Branch_Master_Data!L10+Branch_Master_Data!M10)/Branch_Master_Data!F10,0) | L10: =IF(Branch_Master_Data!E10>0,Branch_Master_Data!Q10/Branch_Master_Data!E10*1000,0) | M10: =IF(Branch_Master_Data!F10>0,Branch_Master_Data!T10/Branch_Master_Data!F10,0) | N10: =IF(Branch_Master_Data!F10>0,Branch_Master_Data!U10/Branch_Master_Data!F10,0) | O10: =IF(Branch_Master_Data!E10>0,Branch_Master_Data!V10/Branch_Master_Data!E10,0) | P10: =(1-B10)*Branch_Master_Data!D10/10000+(1-C10)*Branch_Master_Data!E10/1000 | Q10: =MAX(0,(0.192-B10)*50)+MAX(0,(0.169-C10)*30)+MAX(0,(0.039-D10)*20) | R10: =P10*Q10
A11: =Branch_Master_Data!B11 | B11: =Branch_Master_Data!F11/Branch_Master_Data!D11 | C11: =IF(Branch_Master_Data!E11>0,Branch_Master_Data!H11/Branch_Master_Data!E11,0) | D11: =IF(Branch_Master_Data!G11>0,(Branch_Master_Data!F11-Branch_Master_Data!G11)/Branch_Master_Data!G11,0) | E11: =IF(Branch_Master_Data!I11>0,(Branch_Master_Data!H11-Branch_Master_Data!I11)/Branch_Master_Data!I11,0) | F11: =IF(Branch_Master_Data!F11>0,Branch_Master_Data!J11/Branch_Master_Data!F11,0) | G11: =IF(Branch_Master_Data!F11>0,Branch_Master_Data!K11/Branch_Master_Data!F11,0) | H11: =IF(Branch_Master_Data!F11>0,Branch_Master_Data!L11/Branch_Master_Data!F11,0) | I11: =IF(Branch_Master_Data!F11>0,Branch_Master_Data!M11/Branch_Master_Data!F11,0) | J11: =IF(Branch_Master_Data!F11>0,(Branch_Master_Data!J11+Branch_Master_Data!K11)/Branch_Master_Data!F11,0) | K11: =IF(Branch_Master_Data!F11>0,(Branch_Master_Data!P11+Branch_Master_Data!N11+Branch_Master_Data!O11+Branch_Master_Data!J11+Branch_Master_Data!K11+Branch_Master_Data!L11+Branch_Master_Data!M11)/Branch_Master_Data!F11,0) | L11: =IF(Branch_Master_Data!E11>0,Branch_Master_Data!Q11/Branch_Master_Data!E11*1000,0) | M11: =IF(Branch_Master_Data!F11>0,Branch_Master_Data!T11/Branch_Master_Data!F11,0) | N11: =IF(Branch_Master_Data!F11>0,Branch_Master_Data!U11/Branch_Master_Data!F11,0) | O11: =IF(Branch_Master_Data!E11>0,Branch_Master_Data!V11/Branch_Master_Data!E11,0) | P11: =(1-B11)*Branch_Master_Data!D11/10000+(1-C11)*Branch_Master_Data!E11/1000 | Q11: =MAX(0,(0.192-B11)*50)+MAX(0,(0.169-C11)*30)+MAX(0,(0.039-D11)*20) | R11: =P11*Q11
A12: =Branch_Master_Data!B12 | B12: =Branch_Master_Data!F12/Branch_Master_Data!D12 | C12: =IF(Branch_Master_Data!E12>0,Branch_Master_Data!H12/Branch_Master_Data!E12,0) | D12: =IF(Branch_Master_Data!G12>0,(Branch_Master_Data!F12-Branch_Master_Data!G12)/Branch_Master_Data!G12,0) | E12: =IF(Branch_Master_Data!I12>0,(Branch_Master_Data!H12-Branch_Master_Data!I12)/Branch_Master_Data!I12,0) | F12: =IF(Branch_Master_Data!F12>0,Branch_Master_Data!J12/Branch_Master_Data!F12,0) | G12: =IF(Branch_Master_Data!F12>0,Branch_Master_Data!K12/Branch_Master_Data!F12,0) | H12: =IF(Branch_Master_Data!F12>0,Branch_Master_Data!L12/Branch_Master_Data!F12,0) | I12: =IF(Branch_Master_Data!F12>0,Branch_Master_Data!M12/Branch_Master_Data!F12,0) | J12: =IF(Branch_Master_Data!F12>0,(Branch_Master_Data!J12+Branch_Master_Data!K12)/Branch_Master_Data!F12,0) | K12: =IF(Branch_Master_Data!F12>0,(Branch_Master_Data!P12+Branch_Master_Data!N12+Branch_Master_Data!O12+Branch_Master_Data!J12+Branch_Master_Data!K12+Branch_Master_Data!L12+Branch_Master_Data!M12)/Branch_Master_Data!F12,0) | L12: =IF(Branch_Master_Data!E12>0,Branch_Master_Data!Q12/Branch_Master_Data!E12*1000,0) | M12: =IF(Branch_Master_Data!F12>0,Branch_Master_Data!T12/Branch_Master_Data!F12,0) | N12: =IF(Branch_Master_Data!F12>0,Branch_Master_Data!U12/Branch_Master_Data!F12,0) | O12: =IF(Branch_Master_Data!E12>0,Branch_Master_Data!V12/Branch_Master_Data!E12,0) | P12: =(1-B12)*Branch_Master_Data!D12/10000+(1-C12)*Branch_Master_Data!E12/1000 | Q12: =MAX(0,(0.192-B12)*50)+MAX(0,(0.169-C12)*30)+MAX(0,(0.039-D12)*20) | R12: =P12*Q12
A13: =Branch_Master_Data!B13 | B13: =Branch_Master_Data!F13/Branch_Master_Data!D13 | C13: =IF(Branch_Master_Data!E13>0,Branch_Master_Data!H13/Branch_Master_Data!E13,0) | D13: =IF(Branch_Master_Data!G13>0,(Branch_Master_Data!F13-Branch_Master_Data!G13)/Branch_Master_Data!G13,0) | E13: =IF(Branch_Master_Data!I13>0,(Branch_Master_Data!H13-Branch_Master_Data!I13)/Branch_Master_Data!I13,0) | F13: =IF(Branch_Master_Data!F13>0,Branch_Master_Data!J13/Branch_Master_Data!F13,0) | G13: =IF(Branch_Master_Data!F13>0,Branch_Master_Data!K13/Branch_Master_Data!F13,0) | H13: =IF(Branch_Master_Data!F13>0,Branch_Master_Data!L13/Branch_Master_Data!F13,0) | I13: =IF(Branch_Master_Data!F13>0,Branch_Master_Data!M13/Branch_Master_Data!F13,0) | J13: =IF(Branch_Master_Data!F13>0,(Branch_Master_Data!J13+Branch_Master_Data!K13)/Branch_Master_Data!F13,0) | K13: =IF(Branch_Master_Data!F13>0,(Branch_Master_Data!P13+Branch_Master_Data!N13+Branch_Master_Data!O13+Branch_Master_Data!J13+Branch_Master_Data!K13+Branch_Master_Data!L13+Branch_Master_Data!M13)/Branch_Master_Data!F13,0) | L13: =IF(Branch_Master_Data!E13>0,Branch_Master_Data!Q13/Branch_Master_Data!E13*1000,0) | M13: =IF(Branch_Master_Data!F13>0,Branch_Master_Data!T13/Branch_Master_Data!F13,0) | N13: =IF(Branch_Master_Data!F13>0,Branch_Master_Data!U13/Branch_Master_Data!F13,0) | O13: =IF(Branch_Master_Data!E13>0,Branch_Master_Data!V13/Branch_Master_Data!E13,0) | P13: =(1-B13)*Branch_Master_Data!D13/10000+(1-C13)*Branch_Master_Data!E13/1000 | Q13: =MAX(0,(0.192-B13)*50)+MAX(0,(0.169-C13)*30)+MAX(0,(0.039-D13)*20) | R13: =P13*Q13
... A30: =Branch_Master_Data!B30 | B30: =Branch_Master_Data!F30/Branch_Master_Data!D30 | C30: =IF(Branch_Master_Data!E30>0,Branch_Master_Data!H30/Branch_Master_Data!E30,0) | D30: =IF(Branch_Master_Data!G30>0,(Branch_Master_Data!F30-Branch_Master_Data!G30)/Branch_Master_Data!G30,0) | E30: =IF(Branch_Master_Data!I30>0,(Branch_Master_Data!H30-Branch_Master_Data!I30)/Branch_Master_Data!I30,0) | F30: =IF(Branch_Master_Data!F30>0,Branch_Master_Data!J30/Branch_Master_Data!F30,0) | G30: =IF(Branch_Master_Data!F30>0,Branch_Master_Data!K30/Branch_Master_Data!F30,0) | H30: =IF(Branch_Master_Data!F30>0,Branch_Master_Data!L30/Branch_Master_Data!F30,0) | I30: =IF(Branch_Master_Data!F30>0,Branch_Master_Data!M30/Branch_Master_Data!F30,0) | J30: =IF(Branch_Master_Data!F30>0,(Branch_Master_Data!J30+Branch_Master_Data!K30)/Branch_Master_Data!F30,0) | K30: =IF(Branch_Master_Data!F30>0,(Branch_Master_Data!P30+Branch_Master_Data!N30+Branch_Master_Data!O30+Branch_Master_Data!J30+Branch_Master_Data!K30+Branch_Master_Data!L30+Branch_Master_Data!M30)/Branch_Master_Data!F30,0) | L30: =IF(Branch_Master_Data!E30>0,Branch_Master_Data!Q30/Branch_Master_Data!E30*1000,0) | M30: =IF(Branch_Master_Data!F30>0,Branch_Master_Data!T30/Branch_Master_Data!F30,0) | N30: =IF(Branch_Master_Data!F30>0,Branch_Master_Data!U30/Branch_Master_Data!F30,0) | O30: =IF(Branch_Master_Data!E30>0,Branch_Master_Data!V30/Branch_Master_Data!E30,0) | P30: =(1-B30)*Branch_Master_Data!D30/10000+(1-C30)*Branch_Master_Data!E30/1000 | Q30: =MAX(0,(0.192-B30)*50)+MAX(0,(0.169-C30)*30)+MAX(0,(0.039-D30)*20) | R30: =P30*Q30

Sheet Scorecard_Dashboard
A1: Rank | B1: City | C1: Segment | D1: PI Pen | E1: Status | F1: Biz Pen | G1: Status | H1: PI Growth | I1: Status | J1: M-Bank% | K1: Status | L1: Lending% | M1: Status | N1: POS/1kBiz | O1: Status | P1: Opp Score | Q1: Priority
A2: =RANK(KPI_Calculations!B2,KPI_Calculations!B$2:KPI_Calculations!B$30,0) | B2: =KPI_Calculations!A2 | C2: Dominant Hub | D2: =KPI_Calculations!B2 | E2: =IF(KPI_Calculations!B2>0.25,"GREEN",IF(KPI_Calculations!B2>0.15,"AMBER","RED")) | F2: =KPI_Calculations!C2 | G2: =IF(KPI_Calculations!C2>0.2,"GREEN",IF(KPI_Calculations!C2>0.12,"AMBER","RED")) | H2: =KPI_Calculations!D2 | I2: =IF(KPI_Calculations!D2>0.05,"GREEN",IF(KPI_Calculations!D2>0.02,"AMBER","RED")) | J2: =KPI_Calculations!M2 | K2: =IF(KPI_Calculations!M2>0.05,"GREEN",IF(KPI_Calculations!M2>0.03,"AMBER","RED")) | L2: =KPI_Calculations!J2 | M2: =IF(KPI_Calculations!J2>0.15,"GREEN",IF(KPI_Calculations!J2>0.1,"AMBER","RED")) | N2: =KPI_Calculations!L2 | O2: =IF(KPI_Calculations!L2>80,"GREEN",IF(KPI_Calculations!L2>30,"AMBER","RED")) | P2: =KPI_Calculations!P2 | Q2: =KPI_Calculations!R2
A3: =RANK(KPI_Calculations!B3,KPI_Calculations!B$2:KPI_Calculations!B$30,0) | B3: =KPI_Calculations!A3 | C3: High Potential | D3: =KPI_Calculations!B3 | E3: =IF(KPI_Calculations!B3>0.25,"GREEN",IF(KPI_Calculations!B3>0.15,"AMBER","RED")) | F3: =KPI_Calculations!C3 | G3: =IF(KPI_Calculations!C3>0.2,"GREEN",IF(KPI_Calculations!C3>0.12,"AMBER","RED")) | H3: =KPI_Calculations!D3 | I3: =IF(KPI_Calculations!D3>0.05,"GREEN",IF(KPI_Calculations!D3>0.02,"AMBER","RED")) | J3: =KPI_Calculations!M3 | K3: =IF(KPI_Calculations!M3>0.05,"GREEN",IF(KPI_Calculations!M3>0.03,"AMBER","RED")) | L3: =KPI_Calculations!J3 | M3: =IF(KPI_Calculations!J3>0.15,"GREEN",IF(KPI_Calculations!J3>0.1,"AMBER","RED")) | N3: =KPI_Calculations!L3 | O3: =IF(KPI_Calculations!L3>80,"GREEN",IF(KPI_Calculations!L3>30,"AMBER","RED")) | P3: =KPI_Calculations!P3 | Q3: =KPI_Calculations!R3
A4: =RANK(KPI_Calculations!B4,KPI_Calculations!B$2:KPI_Calculations!B$30,0) | B4: =KPI_Calculations!A4 | C4: Growth Engine | D4: =KPI_Calculations!B4 | E4: =IF(KPI_Calculations!B4>0.25,"GREEN",IF(KPI_Calculations!B4>0.15,"AMBER","RED")) | F4: =KPI_Calculations!C4 | G4: =IF(KPI_Calculations!C4>0.2,"GREEN",IF(KPI_Calculations!C4>0.12,"AMBER","RED")) | H4: =KPI_Calculations!D4 | I4: =IF(KPI_Calculations!D4>0.05,"GREEN",IF(KPI_Calculations!D4>0.02,"AMBER","RED")) | J4: =KPI_Calculations!M4 | K4: =IF(KPI_Calculations!M4>0.05,"GREEN",IF(KPI_Calculations!M4>0.03,"AMBER","RED")) | L4: =KPI_Calculations!J4 | M4: =IF(KPI_Calculations!J4>0.15,"GREEN",IF(KPI_Calculations!J4>0.1,"AMBER","RED")) | N4: =KPI_Calculations!L4 | O4: =IF(KPI_Calculations!L4>80,"GREEN",IF(KPI_Calculations!L4>30,"AMBER","RED")) | P4: =KPI_Calculations!P4 | Q4: =KPI_Calculations!R4
A5: =RANK(KPI_Calculations!B5,KPI_Calculations!B$2:KPI_Calculations!B$30,0) | B5: =KPI_Calculations!A5 | C5: Mature Performer | D5: =KPI_Calculations!B5 | E5: =IF(KPI_Calculations!B5>0.25,"GREEN",IF(KPI_Calculations!B5>0.15,"AMBER","RED")) | F5: =KPI_Calculations!C5 | G5: =IF(KPI_Calculations!C5>0.2,"GREEN",IF(KPI_Calculations!C5>0.12,"AMBER","RED")) | H5: =KPI_Calculations!D5 | I5: =IF(KPI_Calculations!D5>0.05,"GREEN",IF(KPI_Calculations!D5>0.02,"AMBER","RED")) | J5: =KPI_Calculations!M5 | K5: =IF(KPI_Calculations!M5>0.05,"GREEN",IF(KPI_Calculations!M5>0.03,"AMBER","RED")) | L5: =KPI_Calculations!J5 | M5: =IF(KPI_Calculations!J5>0.15,"GREEN",IF(KPI_Calculations!J5>0.1,"AMBER","RED")) | N5: =KPI_Calculations!L5 | O5: =IF(KPI_Calculations!L5>80,"GREEN",IF(KPI_Calculations!L5>30,"AMBER","RED")) | P5: =KPI_Calculations!P5 | Q5: =KPI_Calculations!R5
A6: =RANK(KPI_Calculations!B6,KPI_Calculations!B$2:KPI_Calculations!B$30,0) | B6: =KPI_Calculations!A6 | C6: Growth Engine | D6: =KPI_Calculations!B6 | E6: =IF(KPI_Calculations!B6>0.25,"GREEN",IF(KPI_Calculations!B6>0.15,"AMBER","RED")) | F6: =KPI_Calculations!C6 | G6: =IF(KPI_Calculations!C6>0.2,"GREEN",IF(KPI_Calculations!C6>0.12,"AMBER","RED")) | H6: =KPI_Calculations!D6 | I6: =IF(KPI_Calculations!D6>0.05,"GREEN",IF(KPI_Calculations!D6>0.02,"AMBER","RED")) | J6: =KPI_Calculations!M6 | K6: =IF(KPI_Calculations!M6>0.05,"GREEN",IF(KPI_Calculations!M6>0.03,"AMBER","RED")) | L6: =KPI_Calculations!J6 | M6: =IF(KPI_Calculations!J6>0.15,"GREEN",IF(KPI_Calculations!J6>0.1,"AMBER","RED")) | N6: =KPI_Calculations!L6 | O6: =IF(KPI_Calculations!L6>80,"GREEN",IF(KPI_Calculations!L6>30,"AMBER","RED")) | P6: =KPI_Calculations!P6 | Q6: =KPI_Calculations!R6
A7: =RANK(KPI_Calculations!B7,KPI_Calculations!B$2:KPI_Calculations!B$30,0) | B7: =KPI_Calculations!A7 | C7: Critical Underperformer | D7: =KPI_Calculations!B7 | E7: =IF(KPI_Calculations!B7>0.25,"GREEN",IF(KPI_Calculations!B7>0.15,"AMBER","RED")) | F7: =KPI_Calculations!C7 | G7: =IF(KPI_Calculations!C7>0.2,"GREEN",IF(KPI_Calculations!C7>0.12,"AMBER","RED")) | H7: =KPI_Calculations!D7 | I7: =IF(KPI_Calculations!D7>0.05,"GREEN",IF(KPI_Calculations!D7>0.02,"AMBER","RED")) | J7: =KPI_Calculations!M7 | K7: =IF(KPI_Calculations!M7>0.05,"GREEN",IF(KPI_Calculations!M7>0.03,"AMBER","RED")) | L7: =KPI_Calculations!J7 | M7: =IF(KPI_Calculations!J7>0.15,"GREEN",IF(KPI_Calculations!J7>0.1,"AMBER","RED")) | N7: =KPI_Calculations!L7 | O7: =IF(KPI_Calculations!L7>80,"GREEN",IF(KPI_Calculations!L7>30,"AMBER","RED")) | P7: =KPI_Calculations!P7 | Q7: =KPI_Calculations!R7
A8: =RANK(KPI_Calculations!B8,KPI_Calculations!B$2:KPI_Calculations!B$30,0) | B8: =KPI_Calculations!A8 | C8: Mature Performer | D8: =KPI_Calculations!B8 | E8: =IF(KPI_Calculations!B8>0.25,"GREEN",IF(KPI_Calculations!B8>0.15,"AMBER","RED")) | F8: =KPI_Calculations!C8 | G8: =IF(KPI_Calculations!C8>0.2,"GREEN",IF(KPI_Calculations!C8>0.12,"AMBER","RED")) | H8: =KPI_Calculations!D8 | I8: =IF(KPI_Calculations!D8>0.05,"GREEN",IF(KPI_Calculations!D8>0.02,"AMBER","RED")) | J8: =KPI_Calculations!M8 | K8: =IF(KPI_Calculations!M8>0.05,"GREEN",IF(KPI_Calculations!M8>0.03,"AMBER","RED")) | L8: =KPI_Calculations!J8 | M8: =IF(KPI_Calculations!J8>0.15,"GREEN",IF(KPI_Calculations!J8>0.1,"AMBER","RED")) | N8: =KPI_Calculations!L8 | O8: =IF(KPI_Calculations!L8>80,"GREEN",IF(KPI_Calculations!L8>30,"AMBER","RED")) | P8: =KPI_Calculations!P8 | Q8: =KPI_Calculations!R8
A9: =RANK(KPI_Calculations!B9,KPI_Calculations!B$2:KPI_Calculations!B$30,0) | B9: =KPI_Calculations!A9 | C9: Growth Engine | D9: =KPI_Calculations!B9 | E9: =IF(KPI_Calculations!B9>0.25,"GREEN",IF(KPI_Calculations!B9>0.15,"AMBER","RED")) | F9: =KPI_Calculations!C9 | G9: =IF(KPI_Calculations!C9>0.2,"GREEN",IF(KPI_Calculations!C9>0.12,"AMBER","RED")) | H9: =KPI_Calculations!D9 | I9: =IF(KPI_Calculations!D9>0.05,"GREEN",IF(KPI_Calculations!D9>0.02,"AMBER","RED")) | J9: =KPI_Calculations!M9 | K9: =IF(KPI_Calculations!M9>0.05,"GREEN",IF(KPI_Calculations!M9>0.03,"AMBER","RED")) | L9: =KPI_Calculations!J9 | M9: =IF(KPI_Calculations!J9>0.15,"GREEN",IF(KPI_Calculations!J9>0.1,"AMBER","RED")) | N9: =KPI_Calculations!L9 | O9: =IF(KPI_Calculations!L9>80,"GREEN",IF(KPI_Calculations!L9>30,"AMBER","RED")) | P9: =KPI_Calculations!P9 | Q9: =KPI_Calculations!R9
A10: =RANK(KPI_Calculations!B10,KPI_Calculations!B$2:KPI_Calculations!B$30,0) | B10: =KPI_Calculations!A10 | C10: Cash Cow | D10: =KPI_Calculations!B10 | E10: =IF(KPI_Calculations!B10>0.25,"GREEN",IF(KPI_Calculations!B10>0.15,"AMBER","RED")) | F10: =KPI_Calculations!C10 | G10: =IF(KPI_Calculations!C10>0.2,"GREEN",IF(KPI_Calculations!C10>0.12,"AMBER","RED")) | H10: =KPI_Calculations!D10 | I10: =IF(KPI_Calculations!D10>0.05,"GREEN",IF(KPI_Calculations!D10>0.02,"AMBER","RED")) | J10: =KPI_Calculations!M10 | K10: =IF(KPI_Calculations!M10>0.05,"GREEN",IF(KPI_Calculations!M10>0.03,"AMBER","RED")) | L10: =KPI_Calculations!J10 | M10: =IF(KPI_Calculations!J10>0.15,"GREEN",IF(KPI_Calculations!J10>0.1,"AMBER","RED")) | N10: =KPI_Calculations!L10 | O10: =IF(KPI_Calculations!L10>80,"GREEN",IF(KPI_Calculations!L10>30,"AMBER","RED")) | P10: =KPI_Calculations!P10 | Q10: =KPI_Calculations!R10
A11: =RANK(KPI_Calculations!B11,KPI_Calculations!B$2:KPI_Calculations!B$30,0) | B11: =KPI_Calculations!A11 | C11: Growth Engine | D11: =KPI_Calculations!B11 | E11: =IF(KPI_Calculations!B11>0.25,"GREEN",IF(KPI_Calculations!B11>0.15,"AMBER","RED")) | F11: =KPI_Calculations!C11 | G11: =IF(KPI_Calculations!C11>0.2,"GREEN",IF(KPI_Calculations!C11>0.12,"AMBER","RED")) | H11: =KPI_Calculations!D11 | I11: =IF(KPI_Calculations!D11>0.05,"GREEN",IF(KPI_Calculations!D11>0.02,"AMBER","RED")) | J11: =KPI_Calculations!M11 | K11: =IF(KPI_Calculations!M11>0.05,"GREEN",IF(KPI_Calculations!M11>0.03,"AMBER","RED")) | L11: =KPI_Calculations!J11 | M11: =IF(KPI_Calculations!J11>0.15,"GREEN",IF(KPI_Calculations!J11>0.1,"AMBER","RED")) | N11: =KPI_Calculations!L11 | O11: =IF(KPI_Calculations!L11>80,"GREEN",IF(KPI_Calculations!L11>30,"AMBER","RED")) | P11: =KPI_Calculations!P11 | Q11: =KPI_Calculations!R11
A12: =RANK(KPI_Calculations!B12,KPI_Calculations!B$2:KPI_Calculations!B$30,0) | B12: =KPI_Calculations!A12 | C12: Growth Engine | D12: =KPI_Calculations!B12 | E12: =IF(KPI_Calculations!B12>0.25,"GREEN",IF(KPI_Calculations!B12>0.15,"AMBER","RED")) | F12: =KPI_Calculations!C12 | G12: =IF(KPI_Calculations!C12>0.2,"GREEN",IF(KPI_Calculations!C12>0.12,"AMBER","RED")) | H12: =KPI_Calculations!D12 | I12: =IF(KPI_Calculations!D12>0.05,"GREEN",IF(KPI_Calculations!D12>0.02,"AMBER","RED")) | J12: =KPI_Calculations!M12 | K12: =IF(KPI_Calculations!M12>0.05,"GREEN",IF(KPI_Calculations!M12>0.03,"AMBER","RED")) | L12: =KPI_Calculations!J12 | M12: =IF(KPI_Calculations!J12>0.15,"GREEN",IF(KPI_Calculations!J12>0.1,"AMBER","RED")) | N12: =KPI_Calculations!L12 | O12: =IF(KPI_Calculations!L12>80,"GREEN",IF(KPI_Calculations!L12>30,"AMBER","RED")) | P12: =KPI_Calculations!P12 | Q12: =KPI_Calculations!R12
A13: =RANK(KPI_Calculations!B13,KPI_Calculations!B$2:KPI_Calculations!B$30,0) | B13: =KPI_Calculations!A13 | C13: Growth Engine | D13: =KPI_Calculations!B13 | E13: =IF(KPI_Calculations!B13>0.25,"GREEN",IF(KPI_Calculations!B13>0.15,"AMBER","RED")) | F13: =KPI_Calculations!C13 | G13: =IF(KPI_Calculations!C13>0.2,"GREEN",IF(KPI_Calculations!C13>0.12,"AMBER","RED")) | H13: =KPI_Calculations!D13 | I13: =IF(KPI_Calculations!D13>0.05,"GREEN",IF(KPI_Calculations!D13>0.02,"AMBER","RED")) | J13: =KPI_Calculations!M13 | K13: =IF(KPI_Calculations!M13>0.05,"GREEN",IF(KPI_Calculations!M13>0.03,"AMBER","RED")) | L13: =KPI_Calculations!J13 | M13: =IF(KPI_Calculations!J13>0.15,"GREEN",IF(KPI_Calculations!J13>0.1,"AMBER","RED")) | N13: =KPI_Calculations!L13 | O13: =IF(KPI_Calculations!L13>80,"GREEN",IF(KPI_Calculations!L13>30,"AMBER","RED")) | P13: =KPI_Calculations!P13 | Q13: =KPI_Calculations!R13
... A30: =RANK(KPI_Calculations!B30,KPI_Calculations!B$2:KPI_Calculations!B$30,0) | B30: =KPI_Calculations!A30 | C30: Nascent Entry | D30: =KPI_Calculations!B30 | E30: =IF(KPI_Calculations!B30>0.25,"GREEN",IF(KPI_Calculations!B30>0.15,"AMBER","RED")) | F30: =KPI_Calculations!C30 | G30: =IF(KPI_Calculations!C30>0.2,"GREEN",IF(KPI_Calculations!C30>0.12,"AMBER","RED")) | H30: =KPI_Calculations!D30 | I30: =IF(KPI_Calculations!D30>0.05,"GREEN",IF(KPI_Calculations!D30>0.02,"AMBER","RED")) | J30: =KPI_Calculations!M30 | K30: =IF(KPI_Calculations!M30>0.05,"GREEN",IF(KPI_Calculations!M30>0.03,"AMBER","RED")) | L30: =KPI_Calculations!J30 | M30: =IF(KPI_Calculations!J30>0.15,"GREEN",IF(KPI_Calculations!J30>0.1,"AMBER","RED")) | N30: =KPI_Calculations!L30 | O30: =IF(KPI_Calculations!L30>80,"GREEN",IF(KPI_Calculations!L30>30,"AMBER","RED")) | P30: =KPI_Calculations!P30 | Q30: =KPI_Calculations!R30

Sheet Targets
A1: City | B1: PI Pen Now | C1: PI Pen 12M Target | D1: PI Pen 24M Target | E1: Biz Pen Now | F1: Biz Pen 12M Target | G1: Biz Pen 24M Target | H1: M-Bank Now | I1: M-Bank 12M Target | J1: M-Bank 24M Target | K1: PI Clients Now | L1: PI Add 12M | M1: PI Add 24M | N1: Biz Now | O1: Biz Add 12M | P1: Biz Add 24M
A2: =KPI_Calculations!A2 | B2: =KPI_Calculations!B2 | C2: =B2+MAX(0.02,MAX(0,(0.20-B2)*0.5)) | D2: =B2+MAX(0.04,MAX(0,(0.25-B2)*0.75)) | E2: =KPI_Calculations!C2 | F2: =E2+MAX(0.02,MAX(0,(0.18-E2)*0.5)) | G2: =E2+MAX(0.04,MAX(0,(0.22-E2)*0.75)) | H2: =KPI_Calculations!M2 | I2: =H2+MAX(0.01,MAX(0,(0.05-H2)*0.5)) | J2: =H2+MAX(0.02,MAX(0,(0.08-H2)*0.75)) | K2: =Branch_Master_Data!F2 | L2: =ROUND(C2*Branch_Master_Data!D2-K2,0) | M2: =ROUND(D2*Branch_Master_Data!D2-K2,0) | N2: =Branch_Master_Data!H2 | O2: =ROUND(F2*Branch_Master_Data!E2-N2,0) | P2: =ROUND(G2*Branch_Master_Data!E2-N2,0)
A3: =KPI_Calculations!A3 | B3: =KPI_Calculations!B3 | C3: =B3+MAX(0.02,MAX(0,(0.20-B3)*0.5)) | D3: =B3+MAX(0.04,MAX(0,(0.25-B3)*0.75)) | E3: =KPI_Calculations!C3 | F3: =E3+MAX(0.02,MAX(0,(0.18-E3)*0.5)) | G3: =E3+MAX(0.04,MAX(0,(0.22-E3)*0.75)) | H3: =KPI_Calculations!M3 | I3: =H3+MAX(0.01,MAX(0,(0.05-H3)*0.5)) | J3: =H3+MAX(0.02,MAX(0,(0.08-H3)*0.75)) | K3: =Branch_Master_Data!F3 | L3: =ROUND(C3*Branch_Master_Data!D3-K3,0) | M3: =ROUND(D3*Branch_Master_Data!D3-K3,0) | N3: =Branch_Master_Data!H3 | O3: =ROUND(F3*Branch_Master_Data!E3-N3,0) | P3: =ROUND(G3*Branch_Master_Data!E3-N3,0)
A4: =KPI_Calculations!A4 | B4: =KPI_Calculations!B4 | C4: =B4+MAX(0.02,MAX(0,(0.20-B4)*0.5)) | D4: =B4+MAX(0.04,MAX(0,(0.25-B4)*0.75)) | E4: =KPI_Calculations!C4 | F4: =E4+MAX(0.02,MAX(0,(0.18-E4)*0.5)) | G4: =E4+MAX(0.04,MAX(0,(0.22-E4)*0.75)) | H4: =KPI_Calculations!M4 | I4: =H4+MAX(0.01,MAX(0,(0.05-H4)*0.5)) | J4: =H4+MAX(0.02,MAX(0,(0.08-H4)*0.75)) | K4: =Branch_Master_Data!F4 | L4: =ROUND(C4*Branch_Master_Data!D4-K4,0) | M4: =ROUND(D4*Branch_Master_Data!D4-K4,0) | N4: =Branch_Master_Data!H4 | O4: =ROUND(F4*Branch_Master_Data!E4-N4,0) | P4: =ROUND(G4*Branch_Master_Data!E4-N4,0)
A5: =KPI_Calculations!A5 | B5: =KPI_Calculations!B5 | C5: =B5+MAX(0.02,MAX(0,(0.20-B5)*0.5)) | D5: =B5+MAX(0.04,MAX(0,(0.25-B5)*0.75)) | E5: =KPI_Calculations!C5 | F5: =E5+MAX(0.02,MAX(0,(0.18-E5)*0.5)) | G5: =E5+MAX(0.04,MAX(0,(0.22-E5)*0.75)) | H5: =KPI_Calculations!M5 | I5: =H5+MAX(0.01,MAX(0,(0.05-H5)*0.5)) | J5: =H5+MAX(0.02,MAX(0,(0.08-H5)*0.75)) | K5: =Branch_Master_Data!F5 | L5: =ROUND(C5*Branch_Master_Data!D5-K5,0) | M5: =ROUND(D5*Branch_Master_Data!D5-K5,0) | N5: =Branch_Master_Data!H5 | O5: =ROUND(F5*Branch_Master_Data!E5-N5,0) | P5: =ROUND(G5*Branch_Master_Data!E5-N5,0)
A6: =KPI_Calculations!A6 | B6: =KPI_Calculations!B6 | C6: =B6+MAX(0.02,MAX(0,(0.20-B6)*0.5)) | D6: =B6+MAX(0.04,MAX(0,(0.25-B6)*0.75)) | E6: =KPI_Calculations!C6 | F6: =E6+MAX(0.02,MAX(0,(0.18-E6)*0.5)) | G6: =E6+MAX(0.04,MAX(0,(0.22-E6)*0.75)) | H6: =KPI_Calculations!M6 | I6: =H6+MAX(0.01,MAX(0,(0.05-H6)*0.5)) | J6: =H6+MAX(0.02,MAX(0,(0.08-H6)*0.75)) | K6: =Branch_Master_Data!F6 | L6: =ROUND(C6*Branch_Master_Data!D6-K6,0) | M6: =ROUND(D6*Branch_Master_Data!D6-K6,0) | N6: =Branch_Master_Data!H6 | O6: =ROUND(F6*Branch_Master_Data!E6-N6,0) | P6: =ROUND(G6*Branch_Master_Data!E6-N6,0)
A7: =KPI_Calculations!A7 | B7: =KPI_Calculations!B7 | C7: =B7+MAX(0.02,MAX(0,(0.20-B7)*0.5)) | D7: =B7+MAX(0.04,MAX(0,(0.25-B7)*0.75)) | E7: =KPI_Calculations!C7 | F7: =E7+MAX(0.02,MAX(0,(0.18-E7)*0.5)) | G7: =E7+MAX(0.04,MAX(0,(0.22-E7)*0.75)) | H7: =KPI_Calculations!M7 | I7: =H7+MAX(0.01,MAX(0,(0.05-H7)*0.5)) | J7: =H7+MAX(0.02,MAX(0,(0.08-H7)*0.75)) | K7: =Branch_Master_Data!F7 | L7: =ROUND(C7*Branch_Master_Data!D7-K7,0) | M7: =ROUND(D7*Branch_Master_Data!D7-K7,0) | N7: =Branch_Master_Data!H7 | O7: =ROUND(F7*Branch_Master_Data!E7-N7,0) | P7: =ROUND(G7*Branch_Master_Data!E7-N7,0)
A8: =KPI_Calculations!A8 | B8: =KPI_Calculations!B8 | C8: =B8+MAX(0.02,MAX(0,(0.20-B8)*0.5)) | D8: =B8+MAX(0.04,MAX(0,(0.25-B8)*0.75)) | E8: =KPI_Calculations!C8 | F8: =E8+MAX(0.02,MAX(0,(0.18-E8)*0.5)) | G8: =E8+MAX(0.04,MAX(0,(0.22-E8)*0.75)) | H8: =KPI_Calculations!M8 | I8: =H8+MAX(0.01,MAX(0,(0.05-H8)*0.5)) | J8: =H8+MAX(0.02,MAX(0,(0.08-H8)*0.75)) | K8: =Branch_Master_Data!F8 | L8: =ROUND(C8*Branch_Master_Data!D8-K8,0) | M8: =ROUND(D8*Branch_Master_Data!D8-K8,0) | N8: =Branch_Master_Data!H8 | O8: =ROUND(F8*Branch_Master_Data!E8-N8,0) | P8: =ROUND(G8*Branch_Master_Data!E8-N8,0)
A9: =KPI_Calculations!A9 | B9: =KPI_Calculations!B9 | C9: =B9+MAX(0.02,MAX(0,(0.20-B9)*0.5)) | D9: =B9+MAX(0.04,MAX(0,(0.25-B9)*0.75)) | E9: =KPI_Calculations!C9 | F9: =E9+MAX(0.02,MAX(0,(0.18-E9)*0.5)) | G9: =E9+MAX(0.04,MAX(0,(0.22-E9)*0.75)) | H9: =KPI_Calculations!M9 | I9: =H9+MAX(0.01,MAX(0,(0.05-H9)*0.5)) | J9: =H9+MAX(0.02,MAX(0,(0.08-H9)*0.75)) | K9: =Branch_Master_Data!F9 | L9: =ROUND(C9*Branch_Master_Data!D9-K9,0) | M9: =ROUND(D9*Branch_Master_Data!D9-K9,0) | N9: =Branch_Master_Data!H9 | O9: =ROUND(F9*Branch_Master_Data!E9-N9,0) | P9: =ROUND(G9*Branch_Master_Data!E9-N9,0)
A10: =KPI_Calculations!A10 | B10: =KPI_Calculations!B10 | C10: =B10+MAX(0.02,MAX(0,(0.20-B10)*0.5)) | D10: =B10+MAX(0.04,MAX(0,(0.25-B10)*0.75)) | E10: =KPI_Calculations!C10 | F10: =E10+MAX(0.02,MAX(0,(0.18-E10)*0.5)) | G10: =E10+MAX(0.04,MAX(0,(0.22-E10)*0.75)) | H10: =KPI_Calculations!M10 | I10: =H10+MAX(0.01,MAX(0,(0.05-H10)*0.5)) | J10: =H10+MAX(0.02,MAX(0,(0.08-H10)*0.75)) | K10: =Branch_Master_Data!F10 | L10: =ROUND(C10*Branch_Master_Data!D10-K10,0) | M10: =ROUND(D10*Branch_Master_Data!D10-K10,0) | N10: =Branch_Master_Data!H10 | O10: =ROUND(F10*Branch_Master_Data!E10-N10,0) | P10: =ROUND(G10*Branch_Master_Data!E10-N10,0)
A11: =KPI_Calculations!A11 | B11: =KPI_Calculations!B11 | C11: =B11+MAX(0.02,MAX(0,(0.20-B11)*0.5)) | D11: =B11+MAX(0.04,MAX(0,(0.25-B11)*0.75)) | E11: =KPI_Calculations!C11 | F11: =E11+MAX(0.02,MAX(0,(0.18-E11)*0.5)) | G11: =E11+MAX(0.04,MAX(0,(0.22-E11)*0.75)) | H11: =KPI_Calculations!M11 | I11: =H11+MAX(0.01,MAX(0,(0.05-H11)*0.5)) | J11: =H11+MAX(0.02,MAX(0,(0.08-H11)*0.75)) | K11: =Branch_Master_Data!F11 | L11: =ROUND(C11*Branch_Master_Data!D11-K11,0) | M11: =ROUND(D11*Branch_Master_Data!D11-K11,0) | N11: =Branch_Master_Data!H11 | O11: =ROUND(F11*Branch_Master_Data!E11-N11,0) | P11: =ROUND(G11*Branch_Master_Data!E11-N11,0)
A12: =KPI_Calculations!A12 | B12: =KPI_Calculations!B12 | C12: =B12+MAX(0.02,MAX(0,(0.20-B12)*0.5)) | D12: =B12+MAX(0.04,MAX(0,(0.25-B12)*0.75)) | E12: =KPI_Calculations!C12 | F12: =E12+MAX(0.02,MAX(0,(0.18-E12)*0.5)) | G12: =E12+MAX(0.04,MAX(0,(0.22-E12)*0.75)) | H12: =KPI_Calculations!M12 | I12: =H12+MAX(0.01,MAX(0,(0.05-H12)*0.5)) | J12: =H12+MAX(0.02,MAX(0,(0.08-H12)*0.75)) | K12: =Branch_Master_Data!F12 | L12: =ROUND(C12*Branch_Master_Data!D12-K12,0) | M12: =ROUND(D12*Branch_Master_Data!D12-K12,0) | N12: =Branch_Master_Data!H12 | O12: =ROUND(F12*Branch_Master_Data!E12-N12,0) | P12: =ROUND(G12*Branch_Master_Data!E12-N12,0)
A13: =KPI_Calculations!A13 | B13: =KPI_Calculations!B13 | C13: =B13+MAX(0.02,MAX(0,(0.20-B13)*0.5)) | D13: =B13+MAX(0.04,MAX(0,(0.25-B13)*0.75)) | E13: =KPI_Calculations!C13 | F13: =E13+MAX(0.02,MAX(0,(0.18-E13)*0.5)) | G13: =E13+MAX(0.04,MAX(0,(0.22-E13)*0.75)) | H13: =KPI_Calculations!M13 | I13: =H13+MAX(0.01,MAX(0,(0.05-H13)*0.5)) | J13: =H13+MAX(0.02,MAX(0,(0.08-H13)*0.75)) | K13: =Branch_Master_Data!F13 | L13: =ROUND(C13*Branch_Master_Data!D13-K13,0) | M13: =ROUND(D13*Branch_Master_Data!D13-K13,0) | N13: =Branch_Master_Data!H13 | O13: =ROUND(F13*Branch_Master_Data!E13-N13,0) | P13: =ROUND(G13*Branch_Master_Data!E13-N13,0)
... A30: =KPI_Calculations!A30 | B30: =KPI_Calculations!B30 | C30: =B30+MAX(0.02,MAX(0,(0.20-B30)*0.5)) | D30: =B30+MAX(0.04,MAX(0,(0.25-B30)*0.75)) | E30: =KPI_Calculations!C30 | F30: =E30+MAX(0.02,MAX(0,(0.18-E30)*0.5)) | G30: =E30+MAX(0.04,MAX(0,(0.22-E30)*0.75)) | H30: =KPI_Calculations!M30 | I30: =H30+MAX(0.01,MAX(0,(0.05-H30)*0.5)) | J30: =H30+MAX(0.02,MAX(0,(0.08-H30)*0.75)) | K30: =Branch_Master_Data!F30 | L30: =ROUND(C30*Branch_Master_Data!D30-K30,0) | M30: =ROUND(D30*Branch_Master_Data!D30-K30,0) | N30: =Branch_Master_Data!H30 | O30: =ROUND(F30*Branch_Master_Data!E30-N30,0) | P30: =ROUND(G30*Branch_Master_Data!E30-N30,0)
A31: NETWORK TOTAL | K31: =SUM(K2:K30) | L31: =SUM(L2:L30) | M31: =SUM(M2:M30) | N31: =SUM(N2:N30) | O31: =SUM(O2:O30) | P31: =SUM(P2:P30)
A32: TARGET ASSUMPTIONS
A33: PI Pen 12M: Current + MAX(2pp, 50% of gap to 20%)
A34: PI Pen 24M: Current + MAX(4pp, 75% of gap to 25%)
A35: Biz Pen 12M: Current + MAX(2pp, 50% of gap to 18%)
A36: M-Bank 12M: Current + MAX(1pp, move toward 5%)
A37: Targets are count-based, not value-based. EUR impact requires branch P&L data.

Sheet Data_Dictionary
A1: KPI Name | B1: Formula | C1: Source | D1: Interpretation | E1: Caveats
A2: PI Penetration | B2: Active PI Clients / Population >15 | C2: Branch Productivity.xlsx - Total sheet | D2: Share of adult population banked. >25% = strong, <15% = weak | E2: Inflated for branches serving wider catchment (e.g. Mit. Veriore)
A3: Business Penetration | B3: Active Business Clients / Registered Businesses | C3: Branch Productivity.xlsx | D3: Share of local businesses banked. >20% = strong, <12% = weak | E3: Registered =/= active businesses. Actual addressable market may differ
A4: PI Client Growth % | B4: (PI Clients 2026 - PI Clients 2025) / PI Clients 2025 | C4: Branch Productivity.xlsx - Clients PI sheet | D4: YoY client acquisition momentum. >5% = high growth, <2% = stagnant | E4: Single-year snapshot. Trend requires multi-year data
A5: Business Client Growth % | B5: (Biz Clients 2026 - Biz 2025 est.) / Biz 2025 | C5: Branch Productivity.xlsx - Clients BI sheet | D5: YoY business acquisition. Negative = client attrition | E5: Business 2025 count estimated from available data
A6: Mortgage Penetration | B6: Mortgage Loans / PI Clients | C6: Branch Productivity.xlsx | D6: Share of PI clients with mortgage. Network avg: 3.9% | E6: Count-based, not value-based. Avg ticket unknown
A7: Consumer Loan Penetration | B7: Consumer Loans / PI Clients | C7: Branch Productivity.xlsx | D7: Share of PI clients with consumer loan. Network avg: 11.3% | E7: Includes all consumer lending products
A8: Credit Card Penetration | B8: Credit Cards / PI Clients | C8: Branch Productivity.xlsx | D8: Card product adoption. Most branches <1% | E8: Very low across network, significant opportunity
A9: Overdraft Penetration | B9: Overdrafts / PI Clients | C9: Branch Productivity.xlsx | D9: OVD product adoption | E9: Similar pattern to credit cards
A10: Lending Intensity | B10: (Mortgages + Consumer Loans) / PI Clients | C10: Calculated | D10: Combined lending product penetration. >15% = strong | E10: Does not capture loan values
A11: Products per PI | B11: (CA+SA+TDA+Mort+Cons+CC+OVD) / PI Clients | C11: Calculated | D11: Cross-sell depth indicator. Higher = more engaged clients | E11: SA data appears incomplete in source
A12: POS per 1000 Businesses | B12: POS Terminals / Registered Businesses * 1000 | C12: Branch Productivity.xlsx | D12: Merchant acquiring density. Higher = better coverage | E12: POS count includes all active terminals
... A18: Action Priority | B18: Opportunity Score * Underperformance Score | C18: Calculated | D18: Prioritizes branches with both high opportunity AND underperformance | E18: Top priority = high opportunity + high underperformance
